GEO_ID,Area Name_x,Total_Population over 25 years old,Less than 9th Grade,Less than 9th Grade,9th to 12th (no diploma),High School Diploma,Some College (no degree),Associate Degree,Bachelor Degree,Graduate/Proffesional Degree,High School Graduate or Higher,Bachelor Degree or Higher,White,Black/African American,American Indian & Alaska Native,Asian,Some other race,Hispanic/Latino
id,Geographic Area Name,Estimate!!Total!!Population 25 years and over,Estimate!!Total!!Population 25 years and over!!Less than 9th grade,Estimate!!Total!!Population 25 years and over!!Less than 9th grade,"Estimate!!Total!!Population 25 years and over!!9th to 12th grade, no diploma",Estimate!!Total!!Population 25 years and over!!High school graduate (includes equivalency),"Estimate!!Total!!Population 25 years and over!!Some college, no degree",Estimate!!Total!!Population 25 years and over!!Associate's degree,Estimate!!Total!!Population 25 years and over!!Bachelor's degree,Estimate!!Total!!Population 25 years and over!!Graduate or professional degree,Estimate!!Total!!Population 25 years and over!!High school graduate or higher,Estimate!!Total!!Population 25 years and over!!Bachelor's degree or higher,Estimate!!RACE!!Total population!!One race!!White,Estimate!!RACE!!Total population!!One race!!Black or African American,Estimate!!RACE!!Total population!!One race!!American Indian and Alaska Native,Estimate!!RACE!!Total population!!One race!!Asian,Estimate!!RACE!!Total population!!One race!!Some other race,Estimate!!HISPANIC OR LATINO AND RACE!!Total population!!Hispanic or Latino (of any race)
310M400US13180,"Beaver Dam, WI Micro Area",64427,1789,1789,3824,27004,13786,7382,7782,2860,58814,10642,81092,2812,292,789,1754,4301
310M400US14540,"Bowling Green, KY Metro Area",112195,7114,7114,8666,35843,22109,10032,16960,11471,96415,28431,149969,10127,190,6158,2653,8200
310M400US16180,"Carson City, NV Metro Area",39809,2253,2253,2258,8575,12423,5367,6416,2517,35298,8933,45870,1007,1132,2237,4497,13595
310M400US17980,"Columbus, GA-AL Metro Area",201128,6307,6307,18897,57420,54769,17166,26193,20376,175924,46569,152723,127171,261,5662,5530,21714
310M400US21340,"El Paso, TX Metro Area",520631,71206,71206,43855,120158,121331,41831,80489,41761,405570,122250,659344,25630,3447,10997,118185,700697
310M400US22140,"Farmington, NM Metro Area",81649,3844,3844,8189,22134,24563,9678,7570,5671,69616,13241,66111,1074,50058,1492,2785,25663
310M400US22840,"Fort Payne, AL Micro Area",48169,6710,6710,4971,14333,9524,5471,3931,3229,36488,7160,60157,1335,868,173,7583,10595
310M400US30980,"Longview, TX Metro Area",144321,7261,7261,14883,47802,36632,12616,16823,8304,122177,25127,173143,38346,286,2190,1229,36880
310M400US31540,"Madison, WI Metro Area",443182,8301,8301,14860,92147,79935,45190,120130,82619,420021,202749,568227,29537,2656,33168,5674,38390
310M400US32020,"Marion, OH Micro Area",45697,1334,1334,3087,21790,10838,3504,3155,1989,41276,5144,58259,3627,239,459,358,1801
310M400US33460,"Minneapolis-St. Paul-Bloomington, MN-WI Metro Area",2466476,66557,66557,85938,516302,487262,259864,685966,364587,2313981,1050553,2845996,314994,22769,242873,73389,217078
310M400US33980,"Morehead City, NC Micro Area",52668,1357,1357,3536,13173,12035,7561,9482,5524,47775,15006,62764,3291,102,1092,42,2965
310M400US39020,"Portsmouth, OH Micro Area",52325,1699,1699,5625,23493,9620,3954,4771,3163,45001,7934,N,N,N,N,N,938
310M400US40080,"Richmond-Berea, KY Micro Area",68993,3395,3395,5069,21699,13125,6210,11036,8459,60529,19495,100488,3984,164,958,811,2525
310M400US40340,"Rochester, MN Metro Area",149921,3949,3949,5445,34777,26663,20483,34538,24066,140527,58604,191048,10168,501,9686,3312,9920
310M400US40420,"Rockford, IL Metro Area",229494,10237,10237,17038,75967,54165,19816,31930,20341,202219,52271,273713,37746,462,9233,5944,49276
310M400US41940,"San Jose-Sunnyvale-Santa Clara, CA Metro Area",1390276,84780,84780,66731,196184,205192,102509,389587,345293,1238765,734880,912089,49738,9161,723157,194539,527780
310M400US42700,"Sebring, FL Metro Area",79659,4241,4241,6416,30499,17476,7331,8725,4971,69002,13696,84051,10117,0,921,7747,21938
310M400US46660,"Valdosta, GA Metro Area",89489,2505,2505,10723,30192,19584,8174,11199,7112,76261,18311,85652,49843,406,1882,3971,9481
310M400US48900,"Wilmington, NC Metro Area",203658,5071,5071,10780,43703,46017,20444,53011,24632,187807,77643,236582,41532,571,3763,5547,17629
310M400US49660,"Youngstown-Warren-Boardman, OH-PA Metro Area",384312,10775,10775,27489,155544,73630,31682,54490,30702,346048,85192,457985,55632,925,4713,3676,20171
310M400US10540,"Albany, OR Metro Area",89133,3763,3763,7214,25054,25851,7879,12876,6496,78156,19372,110981,858,716,1116,6484,11838
310M400US10900,"Allentown-Bethlehem-Easton, PA-NJ Metro Area",587624,21737,21737,35182,204774,98527,54246,107637,65521,530705,173158,701149,50234,2340,25127,33704,149261
310M400US12940,"Baton Rouge, LA Metro Area",546791,21014,21014,43602,173114,118801,34030,101140,55090,482175,156230,486471,292933,1256,15762,13667,33707
310M400US13740,"Billings, MT Metro Area",117864,1297,1297,3575,34429,29591,10136,27603,11233,112992,38836,155187,845,8000,1019,1000,9808
310M400US19500,"Decatur, IL Metro Area",72883,1724,1724,5821,25345,18056,6410,10218,5309,65338,15527,81660,17609,149,1226,468,2459
310M400US20740,"Eau Claire, WI Metro Area",110707,2879,2879,4124,33399,22155,17945,20400,9805,103704,30205,157055,1267,182,5609,174,3844
310M400US21020,"Elizabeth City, NC Micro Area",46622,2413,2413,3899,13942,10359,5777,6269,3963,40310,10232,N,N,N,N,N,2936
310M400US23420,"Fresno, CA Metro Area",614887,83924,83924,59509,138951,141465,57116,88479,45443,471454,133922,643787,45504,15894,103204,139153,531677
310M400US24940,"Greenwood, SC Micro Area",65228,3200,3200,7699,21972,10383,7751,9599,4624,54329,14223,61887,30898,0,467,896,4879
310M400US25540,"Hartford-West Hartford-East Hartford, CT Metro Area",842589,28992,28992,42341,219913,139484,73872,186187,151800,771256,337987,907869,139766,2517,62805,52443,183827
310M400US25620,"Hattiesburg, MS Metro Area",93567,5238,5238,7826,22001,20184,8213,18967,11138,80503,30105,101054,43553,414,1452,324,4608
310M400US27140,"Jackson, MS Metro Area",387599,13237,13237,27272,96041,86405,38423,76016,50205,347090,126221,277066,289986,1013,6356,3687,14006
310M400US27600,"Jefferson, GA Micro Area",47292,2073,2073,3956,15192,9866,5034,6846,4325,41263,11171,61209,4893,19,1062,1415,5731
310M400US29940,"Lawrence, KS Metro Area",71392,630,630,1763,10665,13527,4690,19217,20900,68999,40117,98730,5261,4196,6983,1295,7739
310M400US32780,"Medford, OR Metro Area",157929,4997,4997,11413,37796,45561,13845,27581,16736,141519,44317,200335,2167,2877,3567,2723,29042
310M400US33340,"Milwaukee-Waukesha-West Allis, WI Metro Area",1073519,30991,30991,59912,287017,214398,94651,242429,144121,982616,386550,1132203,258372,6184,61615,69832,171951
310M400US37020,"Owosso, MI Micro Area",48006,977,977,3623,15549,13854,5187,5494,3322,43406,8816,65441,644,60,119,500,2013
310M400US38220,"Pine Bluff, AR Metro Area",62448,2232,2232,4791,27531,14193,3486,6781,3434,55425,10215,43430,44582,319,659,805,2697
310M400US43740,"Somerset, PA Micro Area",55804,1577,1577,4164,28026,8621,4657,5736,3023,50063,8759,70202,1944,39,200,362,1147
310M400US10420,"Akron, OH Metro Area",488511,10958,10958,27186,144629,104731,38842,99244,62921,450367,162165,570663,84683,1337,23481,4663,15287
310M400US14020,"Bloomington, IN Metro Area",98957,1721,1721,5254,23361,18012,8426,21648,20535,91982,42183,146145,4405,800,10446,917,5178
310M400US16060,"Carbondale-Marion, IL Metro Area",82951,2869,2869,4182,23537,20156,8994,11583,11630,75900,23213,103458,10712,435,3432,2448,4442
310M400US22220,"Fayetteville-Springdale-Rogers, AR-MO Metro Area",352902,21841,21841,24750,101894,70098,22857,67370,44092,306311,111462,459090,13905,8459,17827,30035,91095
310M400US24780,"Greenville, NC Metro Area",111171,4352,4352,9484,26425,23045,12381,23555,11929,97335,35484,103416,62463,967,3697,5354,11419
310M400US25840,"Hermiston-Pendleton, OR Micro Area",57129,5819,5819,5050,16979,13615,5569,6784,3313,46260,10097,77018,798,2812,1122,4575,25813
310M400US26420,"Houston-The Woodlands-Sugar Land, TX Metro Area",4507266,393800,393800,341825,1045481,923075,312734,948842,541509,3771641,1490351,4463287,1219918,29224,552614,559055,2632586
310M400US31700,"Manchester-Nashua, NH Metro Area",293905,9541,9541,12936,76532,54563,27010,70785,42538,271428,113323,366558,13824,622,17910,4888,29202
310M400US31740,"Manhattan, KS Metro Area",51924,671,671,2122,10623,11596,3601,13369,9942,49131,23311,84205,5031,230,3974,628,7501
310M400US32300,"Martinsville, VA Micro Area",47747,4436,4436,6621,15999,9193,4741,4708,2049,36690,6757,N,N,N,N,N,1771
310M400US35420,"New Philadelphia-Dover, OH Micro Area",63675,3662,3662,4966,27566,11015,4509,6835,5122,55047,11957,N,N,N,N,N,1406
310M400US36020,"Oak Harbor, WA Micro Area",62374,960,960,1883,12459,17795,7936,12274,9067,59531,21341,71787,1717,379,3551,1283,6859
310M400US36260,"Ogden-Clearfield, UT Metro Area",405950,7786,7786,20304,102127,106155,39754,89851,39973,377860,129824,615026,8969,3747,9749,13485,88821
310M400US36860,"Ottawa-Peru, IL Micro Area",105703,2778,2778,8896,38935,24764,11528,13091,5711,94029,18802,136936,4030,64,1317,2755,14353
310M400US40740,"Roswell, NM Micro Area",42081,5393,5393,4373,10592,11818,3129,4311,2465,32315,6776,54650,1854,640,467,5432,37003
310M400US41500,"Salinas, CA Metro Area",277909,50347,50347,26328,58339,50166,23669,40932,28128,201234,69060,205303,11753,6540,25748,167885,257572
310M400US41980,"San Juan-Carolina-Caguas, PR Metro Area",1456001,191372,191372,104802,388409,191318,160952,289486,129662,1159827,419148,1323132,309100,3181,3906,268696,2000535
310M400US42020,"San Luis Obispo-Paso Robles-Arroyo Grande, CA Metro Area",190079,8841,8841,8101,37705,49355,20086,41426,24565,173137,65991,248227,5123,1731,10265,6756,64774
310M400US43320,"Show Low, AZ Micro Area",72071,4164,4164,7592,22579,21967,5490,5934,4345,60315,10279,53702,892,49902,636,2787,12649
310M400US44940,"Sumter, SC Metro Area",70939,2878,2878,7547,20687,17592,7956,9148,5131,60514,14279,48223,52663,0,1588,767,1768
310M400US47380,"Waco, TX Metro Area",166657,9294,9294,15774,45774,37997,17840,25860,14118,141589,39978,215378,40010,871,4634,4286,70040
310M400US49300,"Wooster, OH Micro Area",76712,4882,4882,4790,30648,14751,4047,10630,6964,67040,17594,110011,3167,91,241,819,2421
310M400US49740,"Yuma, AZ Metro Area",135113,15827,15827,17192,36638,31938,10795,15554,7169,102094,22723,185580,5942,2428,3254,8750,136425
310M400US11700,"Asheville, NC Metro Area",339843,9601,9601,22121,82568,68502,34156,75866,47029,308121,122895,415603,21235,1684,4940,6450,32573
310M400US18580,"Corpus Christi, TX Metro Area",298400,22501,22501,29540,86878,72767,23889,40928,21897,246359,62825,412292,15022,1243,8639,9257,276687
310M400US21060,"Elizabethtown-Fort Knox, KY Metro Area",101451,3267,3267,7392,33535,25412,12420,10498,8927,90792,19425,125132,14557,945,3017,2762,7554
310M400US22180,"Fayetteville, NC Metro Area",242623,6543,6543,16237,62159,68609,26401,40987,21687,219843,62674,188203,142330,8527,9341,14384,46880
310M400US23580,"Gainesville, GA Metro Area",132465,16175,16175,12033,37306,26924,7969,20532,11526,104257,32058,174232,13415,576,3392,5217,58589
310M400US25060,"Gulfport-Biloxi-Pascagoula, MS Metro Area",269122,8561,8561,18253,76848,69083,33357,39427,23593,242308,63020,281260,85475,808,9046,7567,23364
310M400US32220,"Marshall, TX Micro Area",42624,2434,2434,3693,15231,9649,3104,6047,2466,36497,8513,N,N,N,N,N,9047
310M400US32940,"Meridian, MS Micro Area",69557,3277,3277,6458,20291,17718,10762,6949,4102,59822,11051,54465,47591,852,698,223,1673
310M400US34060,"Morgantown, WV Metro Area",91251,1460,1460,4958,30041,14567,5487,17104,17634,84833,34738,125901,5845,188,3896,368,3028
310M400US34780,"Muskogee, OK Micro Area",45532,1305,1305,4519,16663,8762,4371,6856,3056,39708,9912,38846,7212,12314,217,2842,4308
310M400US35100,"New Bern, NC Metro Area",85241,2262,2262,7111,24425,22111,8580,13151,7601,75868,20752,87982,27434,293,2594,1591,8410
310M400US35300,"New Haven-Milford, CT Metro Area",598947,24241,24241,33481,189357,99387,42491,110431,99559,541225,209990,624693,120459,2541,35199,49092,159804
310M400US37460,"Panama City, FL Metro Area",142288,4894,4894,9024,47708,33484,15001,21070,11107,128370,32177,161351,22432,877,3867,5373,12841
310M400US39140,"Prescott, AZ Metro Area",178575,3887,3887,14625,44037,52055,16874,29024,18073,160063,47097,209300,1876,2296,2581,7256,34046
310M400US41660,"San Angelo, TX Metro Area",76521,3441,3441,5323,25526,18471,5282,13197,5281,67757,18478,106378,4564,534,1917,3823,48103
310M400US41780,"Sandusky, OH Micro Area",53992,1708,1708,3303,17962,12687,6195,7459,4678,48981,12137,63801,7328,723,46,833,3408
310M400US45820,"Topeka, KS Metro Area",158055,5140,5140,8055,52062,37661,10441,29521,15175,144860,44696,197382,15384,3522,2808,4139,24173
310M400US49700,"Yuba City, CA Metro Area",113305,11301,11301,12275,24733,32234,12338,13485,6939,89729,20424,126621,4133,2401,19552,7479,52954
310M400US16300,"Cedar Rapids, IA Metro Area",185730,3732,3732,7872,53238,39019,23362,42013,16494,174126,58507,242266,14696,459,6020,1383,8429
310M400US18260,"Cookeville, TN Micro Area",74170,4547,4547,4386,30837,13922,4234,8726,7518,65237,16244,104046,1924,440,1031,2762,6497
310M400US20700,"East Stroudsburg, PA Metro Area",118492,4757,4757,7128,42638,26843,11028,15381,10717,106607,26098,128299,26984,73,4333,4592,28118
310M400US22580,"Forest City, NC Micro Area",47753,1597,1597,6182,14174,12342,5646,5016,2796,39974,7812,N,N,N,N,N,3049
310M400US25740,"Helena, MT Micro Area",56224,847,847,2315,12435,12866,5862,12914,8985,53062,21899,74231,417,1612,471,261,2482
310M400US26300,"Hot Springs, AR Metro Area",71492,1787,1787,4933,24538,17688,6862,10106,5578,64772,15684,85417,7374,1004,1048,778,5811
310M400US26860,"Indiana, PA Micro Area",55678,2317,2317,3001,23583,7822,5395,7030,6530,50360,13560,80084,1433,41,847,247,1126
310M400US36300,"Ogdensburg-Massena, NY Micro Area",71491,2278,2278,4721,27872,11935,8231,7954,8500,64492,16454,99965,3066,841,1028,1470,2585
310M400US38900,"Portland-Vancouver-Hillsboro, OR-WA Metro Area",1750298,54805,54805,82773,350393,402009,160602,435286,264430,1612720,699716,2012782,72039,18410,169067,65463,302491
310M400US39380,"Pueblo, CO Metro Area",115082,4056,4056,7365,32843,33051,12732,16537,8498,103661,25035,137420,3615,5493,1342,13542,72189
310M400US41180,"St. Louis, MO-IL Metro Area",1950937,40508,40508,110693,500722,438055,181779,401242,277938,1799736,679180,2123617,509407,5553,77113,20127,84693
310M400US43780,"South Bend-Mishawaka, IN-MI Metro Area",214476,6087,6087,16392,64192,41735,22002,38448,25620,191997,64068,255108,39456,1907,7232,7318,26187
310M400US49340,"Worcester, MA-CT Metro Area",657903,19973,19973,37134,184187,119017,61137,143951,92504,600796,236455,793584,46758,1773,42722,30723,113365
310M400US10780,"Alexandria, LA Metro Area",103346,3582,3582,10282,43060,23195,3958,12636,6633,89482,19269,100225,44196,1099,1353,1782,5527
310M400US13380,"Bellingham, WA Metro Area",149288,3011,3011,8329,35292,34321,17781,31493,19061,137948,50554,188397,2215,6013,10285,7995,21469
310M400US15940,"Canton-Massillon, OH Metro Area",279380,7250,7250,15285,108134,63564,25753,38847,20547,256845,59394,350338,27718,630,3951,4341,8127
310M400US17820,"Colorado Springs, CO Metro Area",483326,10364,10364,21755,95173,115018,54435,111270,75311,451207,186581,592194,46358,5891,20891,25732,126403
310M400US19660,"Deltona-Daytona Beach-Ormond Beach, FL Metro Area",492809,13590,13590,29728,154447,113316,59979,80477,41272,449491,121749,533332,72111,2441,12926,27570,91362
310M400US21420,"Enid, OK Metro Area",39964,2029,2029,2226,14060,8410,3576,6579,3084,35709,9663,49496,1696,1298,669,2978,7878
310M400US28140,"Kansas City, MO-KS Metro Area",1451605,39889,39889,72816,367139,321046,112983,340486,197246,1338900,537732,1677330,262368,8229,59839,52184,196100
310M400US28300,"Keene, NH Micro Area",53617,1218,1218,2736,17497,10021,4916,11158,6071,49663,17229,72081,537,313,1349,110,746
310M400US28420,"Kennewick-Richland, WA Metro Area",185956,15954,15954,12634,45996,42393,18070,30465,20444,157368,50909,232498,6306,2595,9013,31246,95375
310M400US32900,"Merced, CA Metro Area",163014,27720,27720,21478,44402,35644,9890,15119,8761,113816,23880,157100,9118,2300,20204,74161,165438
310M400US40060,"Richmond, VA Metro Area",905700,36650,36650,58514,227674,170843,66550,212569,132900,810536,345469,800228,385132,4012,50234,21098,85903
310M400US41620,"Salt Lake City, UT Metro Area",770058,24378,24378,42554,178417,179892,73521,170326,100970,703126,271296,949790,23365,10671,49685,125572,222684
310M400US45500,"Texarkana, TX-AR Metro Area",102977,3329,3329,7925,35049,27826,9025,13781,6042,91723,19823,104723,37105,1234,1603,3616,9011
310M400US10700,"Albertville, AL Micro Area",64311,3778,3778,7367,19795,13453,5364,9316,5238,53166,14554,87628,3727,269,385,2360,13768
310M400US12700,"Barnstable Town, MA Metro Area",166596,2150,2150,7000,40015,31100,16723,37697,31911,157446,69608,195181,8036,1538,3229,2363,6833
310M400US13020,"Bay City, MI Metro Area",74575,1879,1879,6209,26396,16336,9282,9179,5294,66487,14473,98807,1851,353,473,119,5636
310M400US13780,"Binghamton, NY Metro Area",164267,4482,4482,11176,55347,26657,20382,25854,20369,148609,46223,209832,11073,1133,9635,3346,9365
310M400US16580,"Champaign-Urbana, IL Metro Area",140821,1841,1841,6823,32378,28508,12391,29303,29577,132157,58880,175685,28044,182,23862,3166,13814
310M400US19380,"Dayton, OH Metro Area",552910,12055,12055,36136,155902,127517,52374,96266,72660,504719,168926,629667,122754,2071,18874,4737,23229
310M400US23180,"Frankfort, KY Micro Area",50902,2724,2724,2977,15713,11815,4817,7876,4980,45201,12856,62339,5370,0,698,1637,1978
310M400US24260,"Grand Island, NE Metro Area",55538,2552,2552,3965,16080,13205,6717,9538,3481,49021,13019,71364,1334,99,619,7884,18060
310M400US24540,"Greeley, CO Metro Area",202617,9685,9685,12628,57088,49843,17926,38448,16999,180304,55447,284731,4398,1447,4725,8259,93184
310M400US31340,"Lynchburg, VA Metro Area",177399,5476,5476,12152,56907,37453,16183,30474,18754,159771,49228,206027,44367,875,4028,1771,7440
310M400US36740,"Orlando-Kissimmee-Sanford, FL Metro Area",1767521,64683,64683,120871,461686,348750,186197,381057,204277,1581967,585334,1783360,429750,8608,112167,150211,809852
310M400US36780,"Oshkosh-Neenah, WI Metro Area",115949,3137,3137,6017,37774,25512,14332,21212,7965,106795,29177,156662,3742,966,4991,813,7183
310M400US43420,"Sierra Vista-Douglas, AZ Metro Area",88568,4986,4986,6150,22049,25349,10695,11563,7776,77432,19339,109392,4814,1738,2511,2780,45172
310M400US44220,"Springfield, OH Metro Area",92334,3732,3732,7330,31732,22575,9283,11920,5762,81272,17682,117175,11167,126,726,405,4732
310M400US44700,"Stockton-Lodi, CA Metro Area",475624,52224,52224,42183,146372,102248,47241,58966,26390,381217,85356,436288,54996,4560,120792,47132,315571
310M400US44980,"Sunbury, PA Micro Area",67050,1830,1830,5043,33128,8022,8169,7145,3713,60177,10858,85247,2570,0,321,1246,3279
310M400US11020,"Altoona, PA Metro Area",88373,1700,1700,4932,40316,15024,8315,10764,7322,81741,18086,N,N,N,N,N,1599
310M400US13980,"Blacksburg-Christiansburg-Radford, VA Metro Area",112449,3947,3947,7528,29054,25167,9273,18145,19335,100974,37480,162644,7687,494,7603,1110,5721
310M400US24140,"Goldsboro, NC Metro Area",82613,5269,5269,7660,24424,21285,9971,9965,4039,69684,14004,79135,37652,22,1667,1285,15211
310M400US24340,"Grand Rapids-Wyoming, MI Metro Area",703174,18414,18414,35246,192612,153017,67261,157353,79271,649514,236624,896381,70295,4078,29387,30208,103298
310M400US26380,"Houma-Thibodaux, LA Metro Area",139779,12817,12817,16866,55173,24303,7393,14831,8396,110096,23227,156358,33831,8625,1654,1760,9922
310M400US28900,"Klamath Falls, OR Micro Area",46936,1363,1363,4711,14120,12316,4450,6435,3541,40862,9976,57992,511,3599,613,1706,9090
310M400US30700,"Lincoln, NE Metro Area",208853,5998,5998,6647,45114,41846,24527,54614,30107,196208,84721,287282,12563,2154,12759,4365,23591
310M400US39580,"Raleigh, NC Metro Area",914534,30272,30272,39108,161386,164434,80492,277214,161628,845154,438842,900618,270574,3351,79832,57523,146870
310M400US41540,"Salisbury, MD-DE Metro Area",295873,10945,10945,22330,95857,60172,27018,47245,32306,262598,79551,313761,72437,1773,7952,5661,29665
310M400US42100,"Santa Cruz-Watsonville, CA Metro Area",180773,17808,17808,6947,27506,40448,15523,42071,30470,156018,72541,201567,2874,954,13521,41896,93439
310M400US47220,"Vineland-Bridgeton, NJ Metro Area",102903,8284,8284,13139,36875,18086,9463,10088,6968,81480,17056,98342,29550,793,2659,14501,47426
310M400US49180,"Winston-Salem, NC Metro Area",465117,21312,21312,43072,134871,100254,45502,77774,42332,400733,120106,503384,122738,2518,12553,13336,69035
310M400US15380,"Buffalo-Cheektowaga-Niagara Falls, NY Metro Area",800125,22756,22756,45839,222263,142251,97678,150474,118864,731530,269338,895236,137375,5613,37152,24054,58971
310M400US18980,"Cullman, AL Micro Area",58319,2733,2733,7495,18149,15616,7267,4916,2143,48091,7059,78643,906,301,166,1367,3699
310M400US26090,"Holland, MI Micro Area",80051,2280,2280,5627,28001,17747,7749,11268,7379,72144,18647,108456,2355,404,993,3334,8712
310M400US28020,"Kalamazoo-Portage, MI Metro Area",218280,6114,6114,11373,54604,48647,22141,46159,29242,200793,75401,277656,30718,1144,6602,5427,22177
310M400US29340,"Lake Charles, LA Metro Area",140019,5798,5798,12203,46716,34706,10261,20604,9731,122018,30335,148420,51649,978,2662,1345,8696
310M400US29700,"Laredo, TX Metro Area",153546,28690,28690,23691,32814,26579,11283,22514,7975,101165,30489,265995,1606,116,1591,5124,263371
310M400US33220,"Midland, MI Metro Area",58369,1105,1105,2495,17351,11486,7232,10329,8371,54769,18700,77869,1229,250,2101,430,2320
310M400US34340,"Mount Airy, NC Micro Area",50905,4190,4190,5344,15644,10527,6362,6087,2751,41371,8838,N,N,N,N,N,7764
310M400US36660,"Opelousas, LA Micro Area",53097,4781,4781,7536,22078,8949,2431,4635,2687,40780,7322,N,N,N,N,N,1882
310M400US37260,"Palatka, FL Micro Area",52404,2577,2577,5198,22808,9714,5678,4318,2111,44629,6429,59256,11881,0,530,525,7578
310M400US37620,"Parkersburg-Vienna, WV Metro Area",66029,2171,2171,4221,23339,15322,7681,8502,4793,59637,13295,N,N,N,N,N,1013
310M400US37860,"Pensacola-Ferry Pass-Brent, FL Metro Area",339523,6276,6276,18766,95058,85850,39475,60492,33606,314481,94098,366278,82138,3008,14540,5225,28589
310M400US38300,"Pittsburgh, PA Metro Area",1694079,25095,25095,69031,546193,278138,174323,363441,237858,1599953,601299,2008492,190320,2325,59469,9353,42268
310M400US38860,"Portland-South Portland, ME Metro Area",394599,7696,7696,11419,97578,76902,37304,101706,61994,375484,163700,499313,11429,1553,9879,1933,10298
310M400US42860,"Seneca, SC Micro Area",56382,3328,3328,5256,15646,11348,6145,9062,5597,47798,14659,68956,5423,139,583,426,4503
310M400US46340,"Tyler, TX Metro Area",150909,9204,9204,11759,34354,38958,13935,27357,15342,129946,42699,176394,39113,1010,4321,3640,45738
310M400US47020,"Victoria, TX Metro Area",65294,4126,4126,5413,20301,15899,6277,9367,3911,55755,13278,86919,5717,167,1367,1727,45184
310M400US13140,"Beaumont-Port Arthur, TX Metro Area",272554,16818,16818,24329,94043,64655,23055,36070,13584,231407,49654,284703,98069,947,12050,6541,65272
310M400US13820,"Birmingham-Hoover, AL Metro Area",793589,26968,26968,60354,222394,175455,68414,153043,86961,706267,240004,758523,326670,2666,16731,23703,51894
310M400US16620,"Charleston, WV Metro Area",153129,6049,6049,12168,56642,31710,11000,20359,15201,134912,35560,190207,13513,663,2130,363,2005
310M400US17200,"Claremont-Lebanon, NH-VT Micro Area",158543,3170,3170,7868,47717,26859,14161,31817,26951,147505,58768,205094,2562,1324,3837,699,4348
310M400US17460,"Cleveland-Elyria, OH Metro Area",1448340,37883,37883,93563,406997,310266,126143,288170,185318,1316894,473488,1513150,403531,4928,47596,22966,124444
310M400US19260,"Danville, VA Micro Area",72884,4414,4414,8627,26380,16147,6124,7611,3581,59843,11192,63213,31433,174,882,696,2255
310M400US20380,"Dunn, NC Micro Area",87112,4094,4094,7119,26279,21815,9200,12449,6156,75899,18605,92030,25909,1224,1757,5601,17464
310M400US22500,"Florence, SC Metro Area",137770,7240,7240,14480,48940,23820,13212,18241,11837,116050,30078,109807,85922,726,2031,1890,5161
310M400US28100,"Kankakee, IL Metro Area",72724,3145,3145,5943,25803,17137,6334,8710,5652,63636,14362,87469,15976,78,1016,2820,11691
310M400US29740,"Las Cruces, NM Metro Area",134247,15655,15655,11675,31650,27741,9019,24246,14261,106917,38507,192259,4341,2650,2084,11526,149162
310M400US31940,"Marinette, WI-MI Micro Area",47754,1286,1286,2911,21541,9404,4654,5489,2469,43557,7958,60579,318,780,171,134,1203
310M400US34180,"Moses Lake, WA Micro Area",59642,9278,9278,5008,15695,14694,4630,7524,2813,45356,10337,67489,1036,1189,1161,23295,41005
310M400US35380,"New Orleans-Metairie, LA Metro Area",885791,36852,36852,72345,253068,195021,57531,172473,98501,776594,270974,725467,448822,5650,34124,28685,114026
310M400US36460,"Olean, NY Micro Area",53370,2268,2268,3386,20952,9777,6964,5157,4866,47716,10023,70431,1018,2539,481,589,1631
310M400US37980,"Philadelphia-Camden-Wilmington, PA-NJ-DE-MD Metro Area",4228530,138845,138845,237321,1236248,711516,293504,950153,660943,3852364,1611096,4011936,1285687,10565,369588,234310,591878
310M400US38340,"Pittsfield, MA Metro Area",93096,1654,1654,4860,27999,16473,9807,18893,13410,86582,32303,113854,3940,374,2133,2232,6402
310M400US45860,"Torrington, CT Micro Area",134482,2365,2365,6440,42312,26639,12144,25679,18903,125677,44582,166880,3296,284,2813,2874,12180
310M400US48020,"Watertown-Fort Atkinson, WI Micro Area",59150,1431,1431,2980,20907,11568,5502,11736,5026,54739,16762,79602,807,37,763,1931,6132
310M400US48540,"Wheeling, WV-OH Metro Area",102349,1983,1983,5721,41491,20043,9860,15457,7794,94645,23251,131383,3729,220,1430,561,1318
310M400US48660,"Wichita Falls, TX Metro Area",97790,4102,4102,7886,31058,24343,8054,14003,8344,85802,22347,121822,14427,1524,3595,5664,27076
310M400US49020,"Winchester, VA-WV Metro Area",97711,5208,5208,6754,31752,20926,7388,14393,11290,85749,25683,129609,5494,113,1887,1145,13649
310M400US12180,"Auburn, NY Micro Area",56069,1488,1488,4960,19783,9713,8099,7209,4817,49621,12026,71045,3506,132,580,529,2348
310M400US13460,"Bend-Redmond, OR Metro Area",140900,3702,3702,6797,24479,38272,17111,32147,18392,130401,50539,179918,752,1008,2668,1796,15517
310M400US13900,"Bismarck, ND Metro Area",90368,2122,2122,2960,21889,19280,15372,21693,7052,85286,28745,116459,2542,8408,1046,892,3709
310M400US14740,"Bremerton-Silverdale, WA Metro Area",188460,2219,2219,6488,40110,53083,23060,41380,22120,179753,63500,215234,6585,2314,13575,7083,21523
310M400US16740,"Charlotte-Concord-Gastonia, NC-SC Metro Area",1737932,71471,71471,113273,402812,361417,160767,421008,207184,1553188,628192,1707921,578901,11082,102826,96922,269910
310M400US24620,"Greeneville, TN Micro Area",49991,2679,2679,4826,19526,10982,3029,5784,3165,42486,8949,N,N,N,N,N,2064
310M400US30020,"Lawton, OK Metro Area",80839,2664,2664,6840,25409,20898,6259,10435,8334,71335,18769,79330,17803,4458,2602,4391,16612
310M400US31300,"Lumberton, NC Micro Area",85742,6891,6891,12606,25687,19718,9062,7912,3866,66245,11778,36109,31788,53375,840,7093,11874
310M400US32820,"Memphis, TN-MS-AR Metro Area",891743,35744,35744,71741,265167,201299,64017,159064,94711,784258,253775,627201,638596,2695,27886,26354,77188
310M400US33780,"Monroe, MI Metro Area",106362,1114,1114,6367,35472,27532,11848,15819,8210,98881,24029,141477,3117,85,645,1065,5503
310M400US35620,"New York-Newark-Jersey City, NY-NJ-PA Metro Area",13964059,923659,923659,871222,3425323,2048095,956289,3326132,2413339,12169178,5739471,11524534,3420991,72874,2226627,2072525,4924385
310M400US39500,"Quincy, IL-MO Micro Area",52856,780,780,3012,18411,11605,4853,9367,4828,49064,14195,70798,3564,287,426,31,1204
310M400US39820,"Redding, CA Metro Area",127001,2890,2890,11780,29514,39069,15532,17578,10638,112331,28216,153562,2080,4384,5654,6307,18560
310M400US40260,"Roanoke Rapids, NC Micro Area",50219,3224,3224,5872,20204,9318,4503,4451,2647,41123,7098,26584,38199,1781,380,230,1829
310M400US42340,"Savannah, GA Metro Area",261220,7207,7207,17195,72249,61585,22386,46870,33728,236818,80598,230412,127786,634,8063,6593,25890
310M400US45300,"Tampa-St. Petersburg-Clearwater, FL Metro Area",2272761,82548,82548,149176,668969,454991,217692,451071,248314,2041037,699385,2427557,382296,9323,106874,95721,629987
310M400US46380,"Ukiah, CA Micro Area",61385,2779,2779,4723,15545,17722,6092,9122,5402,53883,14524,73040,294,3434,2190,4829,22445
310M400US46700,"Vallejo-Fairfield, CA Metro Area",308890,15899,15899,17746,72214,86831,30704,57916,27580,275245,85496,237882,59795,2524,70209,39696,119970
310M400US17060,"Chillicothe, OH Micro Area",54556,2210,2210,5470,21875,12296,4002,5071,3632,46876,8703,69435,4446,0,512,234,1017
310M400US18020,"Columbus, IN Metro Area",56928,1976,1976,2754,17467,10348,5438,11337,7608,52198,18945,70856,1319,0,6556,1321,5732
310M400US18700,"Corvallis, OR Metro Area",55736,1111,1111,1081,8297,11490,3989,15704,14064,53544,29768,77312,1041,933,6924,1054,7008
310M400US21660,"Eugene, OR Metro Area",262100,6861,6861,14285,59382,75130,27545,48647,30250,240954,78897,324162,3290,3998,10779,14171,34712
310M400US22100,"Farmington, MO Micro Area",47504,1938,1938,4395,17989,11608,4060,3581,3933,41171,7514,N,N,N,N,N,1092
310M400US26980,"Iowa City, IA Metro Area",103619,2481,2481,2395,17473,19512,10680,25074,26004,98743,51078,143774,10666,341,9427,4919,10204
310M400US28740,"Kingston, NY Metro Area",130157,4678,4678,7522,38701,23446,14488,23342,17980,117957,41322,149143,10718,503,3026,5113,18785
310M400US29540,"Lancaster, PA Metro Area",366770,26995,26995,28468,124851,55067,26974,65673,38742,311307,104415,476288,24117,1484,12368,16636,58761
310M400US30460,"Lexington-Fayette, KY Metro Area",341029,12592,12592,19985,78730,69538,29854,75070,55260,308452,130330,413994,56501,734,13313,11892,31717
310M400US30940,"London, KY Micro Area",84821,5966,5966,9337,33392,15985,5507,7590,7044,69518,14634,124190,1133,559,251,132,644
310M400US33660,"Mobile, AL Metro Area",280211,8010,8010,31824,97080,59156,21667,41139,21335,240377,62474,239651,150188,3056,8037,4990,12648
310M400US34820,"Myrtle Beach-Conway-North Myrtle Beach, SC-NC Metro Area",363456,5853,5853,27465,113417,76277,44547,62986,32911,330138,95897,399536,60470,4479,5644,4818,27580
310M400US34980,"Nashville-Davidson--Murfreesboro--Franklin, TN Metro Area",1310833,49464,49464,81227,349817,264076,95837,303121,167291,1180142,470412,1486135,294180,5131,52604,39798,143097
310M400US36100,"Ocala, FL Metro Area",267702,9585,9585,23451,103194,54050,24281,35482,17659,234666,53141,294540,43923,1019,4898,6196,49093
310M400US41740,"San Diego-Carlsbad, CA Metro Area",2277779,153702,153702,135808,420657,507308,186496,526304,347504,1988269,873808,2373583,171408,20446,401745,187840,1135348
310M400US44420,"Staunton-Waynesboro, VA Metro Area",89836,3343,3343,8094,34146,15748,5963,14277,8265,78399,22542,108654,10059,553,688,691,5637
310M400US47900,"Washington-Arlington-Alexandria, DC-VA-MD-WV Metro Area",4268088,178432,178432,191667,761856,676264,259067,1115304,1085498,3897989,2200802,3311568,1582494,16268,628076,414246,1009755
310M400US11180,"Ames, IA Metro Area",51425,533,533,946,8240,8675,6955,14856,11220,49946,26076,83589,1259,93,8376,1365,3486
310M400US14140,"Bluefield, WV-VA Micro Area",72217,4472,4472,6726,26626,15836,5132,8799,4626,61019,13425,N,N,N,N,N,754
310M400US16700,"Charleston-North Charleston, SC Metro Area",545604,11508,11508,32991,139000,107093,55598,129199,70215,501105,199414,533511,200787,2182,14163,14041,44854
310M400US16940,"Cheyenne, WY Metro Area",68017,640,640,3391,19457,19021,7495,12065,5948,63986,18013,90038,2005,686,1611,1178,14644
310M400US20180,"DuBois, PA Micro Area",59073,2422,2422,4791,28496,7716,6549,5413,3686,51860,9099,74891,1896,263,362,238,2387
310M400US23460,"Gadsden, AL Metro Area",71369,2758,2758,5703,23717,17385,7617,8676,5513,62908,14189,81129,17474,209,862,1094,4116
310M400US25220,"Hammond, LA Metro Area",86670,2410,2410,8996,33373,19092,6214,11603,4982,75264,16585,89592,39782,188,1109,458,5855
310M400US26020,"Hobbs, NM Micro Area",41300,4902,4902,6865,12934,9249,2557,2641,2152,29533,4793,63369,2597,546,732,1318,41323
310M400US26660,"Huntsville, TX Micro Area",56543,3323,3323,4567,22885,11761,2686,7593,3728,48653,11321,65037,17054,48,1965,207,13785
310M400US26740,"Hutchinson, KS Micro Area",43710,745,745,3550,11644,12434,4354,7080,3903,39415,10983,56783,1885,680,342,971,6035
310M400US26820,"Idaho Falls, ID Metro Area",89534,2723,2723,4192,24300,21489,10031,18448,8351,82619,26799,135259,387,1015,1316,6618,18619
310M400US30300,"Lewiston, ID-WA Metro Area",44346,853,853,1921,15205,12000,5164,6644,2559,41572,9203,57317,5,3141,449,485,3606
310M400US31420,"Macon-Bibb County, GA Metro Area",151120,5320,5320,16357,48257,33309,13322,20723,13832,129443,34555,116930,96898,280,4773,1954,6238
310M400US34380,"Mount Pleasant, MI Micro Area",39330,951,951,2474,13361,8243,3089,6066,5146,35905,11212,61141,1787,3172,1333,1332,2813
310M400US38940,"Port St. Lucie, FL Metro Area",358698,15840,15840,26859,103512,77492,38578,59339,37078,315999,96417,369704,75917,316,8961,13152,85209
310M400US39740,"Reading, PA Metro Area",285902,15928,15928,22880,101276,47742,26221,46063,25792,247094,71855,349164,21274,384,6085,30031,92169
310M400US40380,"Rochester, NY Metro Area",746489,23904,23904,46670,187259,128458,89053,149005,122140,675915,271145,865129,121286,3859,31770,19668,81092
310M400US43220,"Shelton, WA Micro Area",47288,1792,1792,3908,14249,12408,5518,6285,3128,41588,9413,52999,815,1130,878,4863,6801
310M400US46220,"Tuscaloosa, AL Metro Area",156356,4349,4349,11714,51052,34522,12005,25138,17576,140293,42714,153905,83712,529,3471,412,9128
310M400US46540,"Utica-Rome, NY Metro Area",203454,7689,7689,13320,68815,36466,25190,28941,23033,182445,51974,254156,17124,580,10103,3354,14447
310M400US48060,"Watertown-Fort Drum, NY Metro Area",70840,1801,1801,4127,23750,15417,9644,9580,6521,64912,16101,95447,6760,250,1516,2144,8700
310M400US12540,"Bakersfield, CA Metro Area",547240,68139,68139,75245,146820,125916,42663,56830,31627,403856,88457,673595,50289,8106,44299,84783,483846
310M400US19340,"Davenport-Moline-Rock Island, IA-IL Metro Area",260266,7672,7672,15851,78778,59397,26522,48381,23665,236743,72046,320882,26864,1000,9399,7047,34110
310M400US30780,"Little Rock-North Little Rock-Conway, AR Metro Area",498206,14784,14784,34663,145915,113697,41548,88784,58815,448759,147599,518776,174272,3417,12781,12958,39819
310M400US32100,"Marquette, MI Micro Area",43809,259,259,1432,14951,9369,3799,9783,4216,42118,13999,61832,949,812,707,58,1078
310M400US35900,"North Wilkesboro, NC Micro Area",49741,3384,3384,6799,14293,11556,5451,5813,2445,39558,8258,62850,3042,0,225,841,4637
310M400US41420,"Salem, OR Metro Area",283708,17874,17874,21652,73017,75930,25591,46017,23627,244182,69644,344843,5508,6106,8875,42155,105952
310M400US42680,"Sebastian-Vero Beach, FL Metro Area",123664,3872,3872,10222,32187,27703,12771,23478,13431,109570,36909,135869,13492,717,1188,1313,19962
310M400US45180,"Talladega-Sylacauga, AL Micro Area",66908,2437,2437,10198,23621,16592,4370,6137,3553,54273,9690,59777,31290,433,110,82,1451
310M400US46100,"Tullahoma-Manchester, TN Micro Area",71760,4365,4365,6206,30109,12745,4595,7865,5875,61189,13740,95068,3504,58,882,1740,3998
310M400US48260,"Weirton-Steubenville, WV-OH Metro Area",87570,1960,1960,6302,39145,16661,8907,8600,5995,79308,14595,111609,3811,44,1303,390,1638
310M400US12260,"Augusta-Richmond County, GA-SC Metro Area",405493,12527,12527,37204,128167,87178,34096,65354,40967,355762,106321,352191,217583,908,13020,6434,34022
310M400US15980,"Cape Coral-Fort Myers, FL Metro Area",569552,23513,23513,35710,176117,115361,52092,104532,62227,510329,166759,632400,68105,614,12403,29748,165233
310M400US23060,"Fort Wayne, IN Metro Area",288559,11753,11753,19325,84180,60137,33334,51996,27834,257481,79830,350733,43570,1077,15230,9896,30200
310M400US27780,"Johnstown, PA Metro Area",94597,2044,2044,5381,42555,15330,9078,13530,6679,87172,20209,123050,4361,130,444,618,2182
310M400US29460,"Lakeland-Winter Haven, FL Metro Area",491748,24778,24778,48673,171703,104109,45643,63259,33583,418297,96842,541001,107044,2670,13061,26628,167229
310M400US29620,"Lansing-East Lansing, MI Metro Area",310823,6581,6581,13296,71590,79421,33468,63847,42620,290946,106467,386693,43370,1498,24578,5070,32685
310M400US29860,"Laurel, MS Micro Area",56303,4223,4223,4876,18637,9335,6727,7634,4871,47204,12505,N,N,N,N,N,3454
310M400US33700,"Modesto, CA Metro Area",348796,34400,34400,34558,107960,87117,26787,39921,18053,279838,57974,434015,16865,5011,28148,37100,258334
310M400US35980,"Norwich-New London, CT Metro Area",189510,4893,4893,11095,58052,36670,16096,36319,26385,173522,62704,212183,17171,1346,11344,8074,29186
310M400US39460,"Punta Gorda, FL Metro Area",152920,4425,4425,11843,53562,34233,12997,21606,14254,136652,35860,167034,9781,224,2517,1482,13711
310M400US40980,"Saginaw, MI Metro Area",130976,3420,3420,8312,44404,33222,14627,16854,10137,119244,26991,143716,36459,590,2519,2198,16303
310M400US10300,"Adrian, MI Micro Area",68009,2003,2003,5080,25418,14609,5923,10335,4641,60926,14976,92099,2261,525,479,192,8019
310M400US10460,"Alamogordo, NM Micro Area",44690,2225,2225,4646,12836,10789,5004,5822,3368,37819,9190,53505,2225,4380,751,3293,25857
310M400US12060,"Atlanta-Sandy Springs-Roswell, GA Metro Area",3952225,154876,154876,234634,949194,743453,311555,967196,591317,3562715,1558513,3140829,2038334,24159,365643,213466,646761
310M400US20020,"Dothan, AL Metro Area",102899,4132,4132,11520,33711,23239,10000,13108,7189,87247,20297,107663,37050,162,700,194,5123
310M400US21700,"Eureka-Arcata-Fortuna, CA Micro Area",92627,2982,2982,5294,22045,26089,8458,18855,8904,84351,27759,106163,1553,6438,4610,7462,16155
310M400US24420,"Grants Pass, OR Metro Area",65661,1050,1050,3803,20065,22043,7977,6951,3772,60808,10723,81035,330,526,1103,760,6657
310M400US31460,"Madera, CA Metro Area",99401,20138,20138,11040,23015,22058,7859,10732,4559,68223,15291,91440,5417,1510,3619,49419,91939
310M400US31820,"Manitowoc, WI Micro Area",57498,1806,1806,3289,21461,12054,6327,9192,3369,52403,12561,74237,996,430,2187,106,3287
310M400US34100,"Morristown, TN Metro Area",83120,7120,7120,7946,32405,14725,6749,9035,5140,68054,14175,110275,2711,453,1749,762,9824
310M400US34740,"Muskegon, MI Metro Area",119728,2034,2034,5968,40443,33170,14568,15731,7814,111726,23545,140769,23350,1822,1270,782,10081
310M400US35260,"New Castle, PA Micro Area",62518,1164,1164,4602,25762,11067,6966,9904,3053,56752,12957,80253,3724,145,368,3,1316
310M400US37140,"Paducah, KY-IL Micro Area",69070,1949,1949,4785,23032,16837,7014,9287,6166,62336,15453,85756,9464,354,649,385,2175
310M400US38460,"Plattsburgh, NY Micro Area",55312,1907,1907,3341,19676,9011,6493,7004,7880,50064,14884,73115,3605,54,962,2439,3304
310M400US42940,"Sevierville, TN Micro Area",70273,4087,4087,6640,25651,18238,5229,6780,3648,59546,10428,95845,152,113,337,555,6134
310M400US43580,"Sioux City, IA-NE-SD Metro Area",112063,6143,6143,6579,35233,25847,12728,17497,8036,99341,25533,145475,6415,3103,4195,6276,28721
310M400US43620,"Sioux Falls, SD Metro Area",174266,4917,4917,6643,45639,33780,24131,40942,18214,162706,59156,232908,13788,4528,5969,1623,10525
310M400US43900,"Spartanburg, SC Metro Area",231891,11070,11070,19424,73880,47372,26437,34395,19313,201397,53708,247948,72242,620,6725,4527,22564
310M400US45220,"Tallahassee, FL Metro Area",244004,7199,7199,18792,61730,46845,20639,50249,38550,218013,88799,234365,127579,639,11284,4341,26060
310M400US45940,"Trenton, NJ Metro Area",249036,11164,11164,21393,63288,35544,12460,54834,50353,216479,105187,226971,75902,630,41990,16414,67082
310M400US46180,"Tupelo, MS Micro Area",93208,5266,5266,10573,25451,23376,8164,12834,7544,77369,20378,102688,30552,994,455,3629,4835
310M400US46520,"Urban Honolulu, HI Metro Area",681388,29262,29262,26722,175410,135662,74551,157316,82465,625404,239781,200434,25504,1772,413848,8592,98012
310M400US14660,"Brainerd, MN Micro Area",67850,563,563,3468,19985,19413,7886,11509,5026,63819,16535,86294,544,4689,471,201,1098
310M400US19820,"Detroit-Warren-Dearborn, MI Metro Area",3012431,96222,96222,199717,794421,694995,270502,573602,382972,2716492,956574,2994876,962940,13225,198002,51046,197142
310M400US22300,"Findlay, OH Micro Area",52581,586,586,3736,19042,11492,4351,8267,5107,48259,13374,69877,1198,0,1384,1275,4218
310M400US24500,"Great Falls, MT Metro Area",56638,866,866,3556,17762,14661,6048,8854,4891,52216,13745,71351,1416,3319,675,1314,3747
310M400US25860,"Hickory-Lenoir-Morganton, NC Metro Area",264161,14741,14741,28175,85989,53017,30325,36490,15424,221245,51914,309924,24242,1452,11095,13405,27841
310M400US25900,"Hilo, HI Micro Area",142881,2748,2748,8122,39068,33455,17164,27259,15065,132011,42324,65322,1487,917,45875,6288,26030
310M400US26140,"Homosassa Springs, FL Metro Area",118099,4012,4012,8056,45123,29004,10282,14180,7442,106031,21622,136707,4284,430,2155,1167,8800
310M400US28180,"Kapaa, HI Micro Area",51760,2323,2323,1820,13855,9894,7627,11484,4757,47617,16241,22378,127,242,24320,400,8083
310M400US28700,"Kingsport-Bristol-Bristol, TN-VA Metro Area",224251,11523,11523,18133,81007,45305,20656,29997,17630,194595,47627,291947,5753,200,1615,1128,4659
310M400US30340,"Lewiston-Auburn, ME Metro Area",75875,3382,3382,4394,26306,17783,9177,10486,4347,68099,14833,98471,3184,66,757,93,2134
310M400US33100,"Miami-Fort Lauderdale-West Palm Beach, FL Metro Area",4444749,304660,304660,313930,1171667,769712,415098,912432,557250,3826159,1469682,4301983,1309196,14420,159552,256909,2841433
310M400US36140,"Ocean City, NJ Metro Area",71086,2363,2363,3021,20799,14624,5568,16203,8508,65702,24711,82013,3564,16,1088,2692,7300
310M400US36220,"Odessa, TX Metro Area",96980,9866,9866,13500,29083,22264,6646,10494,5127,73614,15621,125268,8257,925,2276,21130,99444
310M400US40220,"Roanoke, VA Metro Area",225733,8026,8026,15500,70437,40489,24259,42399,24623,202207,67022,251800,41285,433,6084,1237,10695
310M400US42220,"Santa Rosa, CA Metro Area",360877,23748,23748,16661,65771,89876,34461,79289,51071,320468,130360,369293,8049,5039,21637,69166,135779
310M400US43340,"Shreveport-Bossier City, LA Metro Area",292755,9556,9556,28944,101063,58530,26043,45387,23232,254255,68619,241018,173745,1862,5980,4754,15812
310M400US48300,"Wenatchee, WA Metro Area",82146,6683,6683,7525,22022,16328,8499,13112,7977,67938,21089,87414,396,697,1426,25218,35567
310M400US12580,"Baltimore-Columbia-Towson, MD Metro Area",1943831,58049,58049,113592,480196,360265,130328,440806,360595,1772190,801401,1662011,817688,5770,157866,55663,169909
310M400US14460,"Boston-Cambridge-Newton, MA-NH Metro Area",3417972,146273,146273,138056,721516,492504,239965,903207,776451,3133643,1679658,3663633,407229,10405,400556,219055,562958
310M400US14500,"Boulder, CO Metro Area",216163,3081,3081,6053,23587,35928,12382,74946,60186,207029,135132,286455,3185,1804,14360,8019,45370
310M400US14580,"Bozeman, MT Micro Area",71796,1065,1065,1278,12816,16760,5035,21699,13143,69453,34842,105137,295,943,1970,577,4491
310M400US22020,"Fargo, ND-MN Metro Area",154615,4184,4184,4721,31950,31422,23152,43400,15786,145710,59186,213859,14981,3546,7426,875,7955
310M400US22060,"Faribault-Northfield, MN Micro Area",41908,1252,1252,2704,13264,8534,4240,8363,3551,37952,11914,57152,3893,256,1653,2417,5404
310M400US24060,"Glenwood Springs, CO Micro Area",53297,1604,1604,3019,12815,10271,4472,15451,5665,48674,21116,N,N,N,N,N,18670
310M400US28940,"Knoxville, TN Metro Area",611301,21828,21828,45843,187304,127991,52954,104601,70780,543630,175381,788818,51331,2828,12386,7690,34237
310M400US29380,"Lake City, FL Micro Area",49290,2551,2551,4292,18181,12671,5356,3918,2321,42447,6239,53675,11899,364,354,825,4487
310M400US40900,"Sacramento--Roseville--Arden-Arcade, CA Metro Area",1588082,81527,81527,81271,330518,392068,157739,352931,192028,1425284,544959,1524051,166904,15425,319617,140944,512246
310M400US41400,"Salem, OH Micro Area",73947,1688,1688,5524,34030,13111,5769,8865,4960,66735,13825,N,N,N,N,N,776
310M400US44140,"Springfield, MA Metro Area",420701,19283,19283,34534,115878,72878,39688,78050,60390,366884,138440,522988,48985,1499,20907,19600,132316
310M400US45900,"Traverse City, MI Micro Area",110318,2172,2172,4483,30914,24895,11148,23219,13487,103663,36706,142431,1153,1892,796,547,4039
310M400US47300,"Visalia-Porterville, CA Metro Area",275220,50846,50846,28674,70194,58953,22752,27845,15956,195700,43801,332150,8947,4550,17675,84196,303657
310M400US48140,"Wausau, WI Metro Area",93602,3139,3139,4123,30777,15474,14155,17474,8460,86340,25934,121953,841,183,8053,1110,3815
310M400US48620,"Wichita, KS Metro Area",422321,17591,17591,23092,110689,99059,40174,82681,49035,381638,131716,515095,50698,7647,20840,23181,83288
310M400US10380,"Aguadilla-Isabela, PR Metro Area",212209,44033,44033,20017,60069,22966,22539,30807,11778,148159,42585,220334,10471,0,144,55258,282213
310M400US17900,"Columbia, SC Metro Area",552727,14655,14655,36170,153844,123036,53423,104708,66891,501902,171599,494509,274865,1924,18342,16042,46413
310M400US19300,"Daphne-Fairhope-Foley, AL Metro Area",155691,3625,3625,11657,44013,34404,13169,32210,16613,140409,48823,187759,20554,1276,2338,2586,10132
310M400US20220,"Dubuque, IA Metro Area",65356,1491,1491,3639,22731,11625,5738,12760,7372,60226,20132,90011,2548,312,1318,36,2438
310M400US23540,"Gainesville, FL Metro Area",181137,7080,7080,7169,38788,32195,20570,41951,33384,166888,75335,204310,53517,970,17081,2606,29577
310M400US23900,"Gettysburg, PA Metro Area",72399,3360,3360,4342,28054,13078,6562,9519,7484,64697,17003,96606,1281,359,770,1753,7307
310M400US24300,"Grand Junction, CO Metro Area",104672,2649,2649,7276,28088,25824,9478,20202,11155,94747,31357,143773,1426,2200,1956,1062,22657
310M400US24660,"Greensboro-High Point, NC Metro Area",522457,25982,25982,41112,135152,113429,50306,103214,53262,455363,156476,479670,204289,4581,29269,28101,65930
310M400US29180,"Lafayette, LA Metro Area",322728,18699,18699,32819,117865,58364,16459,54709,23813,271210,78522,346212,124418,613,7410,1420,19821
310M400US30140,"Lebanon, PA Metro Area",97746,4744,4744,7303,44117,15076,6350,13537,6619,85699,20156,121786,4366,47,2126,10985,19476
310M400US31020,"Longview, WA Metro Area",75444,2614,2614,4804,24975,19806,10451,8720,4074,68026,12794,95325,714,3164,1376,2429,9975
310M400US34900,"Napa, CA Metro Area",97762,9741,9741,4202,18497,21118,10120,23099,10985,83819,34084,106436,2237,1011,12249,11435,48101
310M400US38240,"Pinehurst-Southern Pines, NC Micro Area",71231,1856,1856,3282,14911,14574,8393,16576,11639,66093,28215,81692,10406,537,1672,882,6709
310M400US47940,"Waterloo-Cedar Falls, IA Metro Area",109126,3084,3084,5683,33619,21327,13258,21933,10222,100359,32155,146427,14167,1198,3870,1561,6535
310M400US15500,"Burlington, NC Metro Area",111388,5643,5643,7669,31861,25827,11809,20870,7709,98076,28579,115202,32746,409,2829,11414,21498
310M400US21500,"Erie, PA Metro Area",187350,4890,4890,10239,71415,30203,18442,31866,20295,172221,52161,234857,20597,946,4909,3421,11840
310M400US22380,"Flagstaff, AZ Metro Area",84383,3893,3893,5069,17666,20104,7280,18005,12366,75421,30371,90589,1882,38177,2687,5014,20389
310M400US28060,"Kalispell, MT Micro Area",72557,1474,1474,2340,22233,16459,7493,15265,7293,68743,22558,96362,411,2081,1369,362,2907
310M400US31900,"Mansfield, OH Metro Area",86115,3307,3307,8466,33960,17171,7473,9920,5818,74342,15738,105522,10266,290,1033,343,2397
310M400US34860,"Nacogdoches, TX Micro Area",38182,3381,3381,3373,11827,8275,3032,5504,2790,31428,8294,49757,11019,498,1019,1670,12964
310M400US41060,"St. Cloud, MN Metro Area",125069,4937,4937,5062,33851,26427,20739,22202,11851,115070,34053,175325,13450,163,3402,3624,6529
310M400US42540,"Scranton--Wilkes-Barre--Hazleton, PA Metro Area",396646,10866,10866,26662,152591,66173,39412,64041,36901,359118,100942,494904,20040,681,10397,15139,58477
310M400US45060,"Syracuse, NY Metro Area",443024,11923,11923,31163,125608,78075,54954,75739,65562,399938,141301,546362,58700,3471,18419,5016,28240
310M400US15260,"Brunswick, GA Metro Area",82887,2418,2418,10552,25013,17195,5674,12784,9251,69917,22035,82755,29651,183,1442,544,6107
310M400US16980,"Chicago-Naperville-Elgin, IL-IN-WI Metro Area",6479044,347099,347099,362999,1568191,1237240,466540,1494347,1002628,5768946,2496975,6266286,1553178,29510,646746,723056,2128297
310M400US17140,"Cincinnati, OH-KY-IN Metro Area",1475197,38501,38501,88952,435876,287262,123024,306971,194611,1347744,501582,1776549,266491,2862,60327,22127,73212
310M400US17780,"College Station-Bryan, TX Metro Area",146001,7119,7119,11564,31763,24793,11444,31885,27433,127318,59318,208525,31255,424,14767,3840,67658
310M400US19100,"Dallas-Fort Worth-Arlington, TX Metro Area",4894915,338080,338080,342925,1114254,1015732,345207,1129425,609292,4213910,1738717,5102978,1197972,45063,534650,433692,2189777
310M400US21140,"Elkhart-Goshen, IN Metro Area",130591,10056,10056,13884,45415,24964,10109,17224,8939,106651,26163,175515,9586,690,1849,8836,33502
310M400US23700,"Gallup, NM Micro Area",44305,3352,3352,6293,15120,11399,2878,2684,2579,34660,5263,8544,298,57633,797,3610,10419
310M400US24220,"Grand Forks, ND-MN Metro Area",63219,1515,1515,2198,16822,15950,8972,12416,5346,59506,17762,86932,4252,2653,2650,3574,5171
310M400US24640,"Greenfield Town, MA Micro Area",53672,1162,1162,3066,13570,9712,4947,12201,9014,49444,21215,65352,1107,276,1143,1639,2956
310M400US31180,"Lubbock, TX Metro Area",189957,10189,10189,15999,50955,42680,14720,36164,19250,163769,55414,261301,22273,2704,7366,16036,116198
310M400US33860,"Montgomery, AL Metro Area",254544,10842,10842,23535,74686,51983,20034,43045,30419,220167,73464,183643,168341,936,8497,5711,11528
310M400US34580,"Mount Vernon-Anacortes, WA Metro Area",91594,3796,3796,4625,24769,23587,10263,16277,8277,83173,24554,102150,972,3225,3195,14598,23928
310M400US40580,"Rocky Mount, NC Metro Area",101633,4233,4233,8164,37341,21219,10257,14944,5475,89236,20419,69112,67470,767,1005,4306,9139
310M400US42140,"Santa Fe, NM Metro Area",112194,6219,6219,6810,27867,19728,7405,21263,22902,99165,44165,124979,1781,4554,1720,11100,76649
310M400US45460,"Terre Haute, IN Metro Area",111581,2072,2072,7798,41130,25657,10576,15150,9198,101711,24348,151295,9092,67,2149,1924,3698
310M400US46140,"Tulsa, OK Metro Area",663057,22165,22165,45609,193541,160138,58830,124689,58085,595283,182774,714507,79861,72320,25724,19732,101146
310M400US47260,"Virginia Beach-Norfolk-Newport News, VA-NC Metro Area",1160626,28109,28109,64363,286563,286993,111259,235032,148307,1068154,383339,1010106,529191,5381,70831,35166,120076
310M400US11980,"Athens, TX Micro Area",57739,2743,2743,7136,19278,16156,2985,6794,2647,47860,9441,74444,5237,13,440,348,10961
310M400US12420,"Austin-Round Rock, TX Metro Area",1458805,72161,72161,72386,273410,270276,91277,432240,247055,1314258,679295,1628254,159573,14195,130509,152962,707964
310M400US12980,"Battle Creek, MI Metro Area",92230,2119,2119,6030,32301,23026,8566,13498,6690,84081,20188,109046,13948,789,3634,1013,7187
310M400US17020,"Chico, CA Metro Area",152912,5267,5267,8582,34495,47571,16984,26382,13631,139063,40013,186452,4019,2274,10017,12617,38528
310M400US17660,"Coeur d'Alene, ID Metro Area",112592,1925,1925,6912,32721,30166,11851,18844,10173,103755,29017,151779,445,2159,1766,903,7734
310M400US24580,"Green Bay, WI Metro Area",218053,7153,7153,9191,71297,43602,27997,41588,17225,201709,58813,284270,7199,6511,8557,5127,24404
310M400US25420,"Harrisburg-Carlisle, PA Metro Area",400089,12643,12643,23409,136351,63309,33618,82641,48118,364037,130759,455688,67498,1066,23896,8654,38094
310M400US26620,"Huntsville, AL Metro Area",319638,10152,10152,21437,70028,63133,26084,80615,48189,288049,128804,320825,102045,1903,10680,11417,24487
310M400US28660,"Killeen-Temple, TX Metro Area",278878,10635,10635,16843,77051,79170,30812,42478,21889,251400,64367,294601,105518,2687,11589,8691,108745
310M400US32420,"Mayagez, PR Metro Area",60175,11707,11707,5276,17137,6024,4285,10592,5154,43192,15746,17007,2424,0,0,66411,86850
310M400US33740,"Monroe, LA Metro Area",116579,4564,4564,7509,42216,27606,8929,17594,8161,104506,25755,107230,62502,73,1724,2669,4657
310M400US35840,"North Port-Sarasota-Bradenton, FL Metro Area",636872,19905,19905,31962,187325,129754,61761,120537,85628,585005,206165,725527,51818,1588,16826,8340,105923
310M400US37340,"Palm Bay-Melbourne-Titusville, FL Metro Area",443707,8812,8812,26589,125326,94908,50255,86957,50860,408306,137817,491473,57559,1788,14941,6041,63961
310M400US47460,"Walla Walla, WA Metro Area",43208,2263,2263,2959,8475,11819,5723,7361,4608,37986,11969,55700,1587,753,1591,2947,13206
310M400US49420,"Yakima, WA Metro Area",152659,21182,21182,19329,42310,31566,12622,15520,10130,112148,25650,189035,3286,10696,2601,36258,125472
310M400US12220,"Auburn-Opelika, AL Metro Area",97653,1659,1659,6187,22215,23673,10432,19722,13765,89807,33487,115009,38323,453,6950,582,6164
310M400US14010,"Bloomington, IL Metro Area",117675,1188,1188,3725,29744,22832,9532,31565,19089,112762,50654,161398,14674,290,8986,1506,8894
310M400US14260,"Boise City, ID Metro Area",485224,16075,16075,21516,126113,120266,45316,105602,50336,447633,155938,641728,8395,5304,16700,32552,100029
310M400US16020,"Cape Girardeau, MO-IL Metro Area",61193,2799,2799,4460,21029,12943,3247,10410,6305,53934,16715,81699,7008,199,1682,143,1952
310M400US16540,"Chambersburg-Waynesboro, PA Metro Area",108906,4128,4128,8342,46739,15688,11247,13695,9067,96436,22762,143190,4897,66,671,596,9133
310M400US17420,"Cleveland, TN Metro Area",85709,5418,5418,8025,28636,19073,8364,9578,6615,72266,16193,111452,5157,39,854,3359,6995
310M400US22520,"Florence-Muscle Shoals, AL Metro Area",103229,3450,3450,9151,41580,19402,7697,13966,7983,90628,21949,123528,18998,364,904,1420,4110
310M400US34940,"Naples-Immokalee-Marco Island, FL Metro Area",288700,19638,19638,17734,67746,49545,23585,65301,45151,251328,110452,334685,26009,810,5521,7259,106743
310M400US41140,"St. Joseph, MO-KS Metro Area",87890,1650,1650,7543,34255,19598,5619,13785,5440,78697,19225,112978,6615,342,781,1743,6556
310M400US45780,"Toledo, OH Metro Area",402180,8854,8854,28078,129604,89580,38361,65469,42234,365248,107703,465606,84288,1660,9103,12370,42471
310M400US48700,"Williamsport, PA Metro Area",79981,1804,1804,5334,30323,13600,8912,13710,6298,72843,20008,104565,4872,292,858,499,2349
310M400US11500,"Anniston-Oxford-Jacksonville, AL Metro Area",79172,3061,3061,9060,25761,20815,6224,7914,6337,67051,14251,85046,24737,107,426,1182,4469
310M400US12300,"Augusta-Waterville, ME Micro Area",88711,2087,2087,3459,30197,20329,8558,15114,8967,83165,24081,116802,491,158,1389,180,1938
310M400US14700,"Branson, MO Micro Area",63701,1301,1301,6324,21164,17658,5034,8159,4061,56076,12220,81980,415,316,544,1635,4201
310M400US16860,"Chattanooga, TN-GA Metro Area",392345,16108,16108,30075,111166,92697,38029,66688,37582,346162,104270,454122,75469,1809,8714,2944,24348
310M400US18500,"Corning, NY Micro Area",68131,2126,2126,4361,25462,9761,9824,7953,8644,61644,16597,90696,1347,37,1564,507,1629
310M400US19060,"Cumberland, MD-WV Metro Area",69093,1155,1155,4668,29708,12950,7192,8224,5196,63270,13420,87425,7808,107,418,335,1366
310M400US19780,"Des Moines-West Des Moines, IA Metro Area",434042,14145,14145,15020,106623,82330,47109,117216,51599,404877,168815,565256,34432,1321,27912,7674,49294
310M400US22540,"Fond du Lac, WI Metro Area",72500,1387,1387,4385,25528,16340,9469,10990,4401,66728,15391,97095,2801,442,298,177,5426
310M400US25980,"Hinesville, GA Metro Area",47507,1403,1403,3364,16701,12735,5387,4859,3058,42740,7917,40310,25869,520,1101,3899,9113
310M400US26580,"Huntington-Ashland, WV-KY-OH Metro Area",246356,9410,9410,18046,89251,52686,21659,32033,23271,218900,55304,333412,9257,399,1805,936,3599
310M400US32740,"Meadville, PA Micro Area",59468,1614,1614,3268,28014,8678,5510,7889,4495,54586,12384,81136,870,69,344,189,1164
310M400US36700,"Orangeburg, SC Micro Area",59343,1362,1362,4891,20284,13134,9116,5901,4655,53090,10556,30177,52599,476,729,338,2054
310M400US38660,"Ponce, PR Metro Area",202167,31076,31076,15911,64614,15022,20539,41209,13796,155180,55005,203932,17733,481,336,41507,286290
310M400US39300,"Providence-Warwick, RI-MA Metro Area",1136569,62121,62121,74899,337138,203689,96239,217471,145012,999549,362483,1326533,95811,5094,49117,94970,215896
310M400US39540,"Racine, WI Metro Area",135530,4617,4617,7832,41409,30974,15809,22529,12360,123081,34889,161492,23401,541,2756,3525,26275
310M400US42200,"Santa Maria-Santa Barbara, CA Metro Area",277167,31214,31214,20166,52227,54026,23114,55568,40852,225787,96420,349976,9371,6202,24922,35392,204686
310M400US16820,"Charlottesville, VA Metro Area",159172,4656,4656,12085,33724,24865,7685,38028,38129,142431,76157,181088,31553,930,11277,941,11747
310M400US25940,"Hilton Head Island-Bluffton-Beaufort, SC Metro Area",153838,3550,3550,9012,38631,29221,11985,35847,25592,141276,61439,155337,44084,706,2291,10704,25241
310M400US27340,"Jacksonville, NC Metro Area",106570,3169,3169,7058,31625,28349,11005,17464,7900,96343,25364,146722,27738,1753,3952,3275,25261
310M400US31980,"Marion, IN Micro Area",44188,1367,1367,5109,16814,10008,4301,3534,3055,37712,6589,58339,4966,88,131,328,2901
310M400US36420,"Oklahoma City, OK Metro Area",916138,35464,35464,60232,250542,218408,70588,177513,103391,820442,280904,1018616,143024,53433,44630,49406,190619
310M400US39660,"Rapid City, SD Metro Area",101906,1526,1526,4182,32329,20165,11417,21456,10831,96198,32287,124549,1813,12257,2056,371,7320
310M400US39980,"Richmond, IN Micro Area",45297,1924,1924,3692,16322,10262,4705,5081,3311,39681,8392,N,N,N,N,N,2066
310M400US42620,"Searcy, AR Micro Area",50440,3106,3106,4083,19290,8772,3569,7371,4249,43251,11620,71855,3569,513,749,230,3464
310M400US42660,"Seattle-Tacoma-Bellevue, WA Metro Area",2769714,81833,81833,113838,530239,576836,258663,742826,465479,2574043,1208305,2669825,236630,32150,553171,141952,402525
310M400US45540,"The Villages, FL Metro Area",115853,2975,2975,6854,34205,25250,10774,19542,16253,106024,35795,114673,10375,176,1403,1194,7403
310M400US48580,"Whitewater-Elkhorn, WI Micro Area",69603,1793,1793,5029,22704,15724,5815,12093,6445,62781,18538,96669,606,165,1041,2247,11610
310M400US10140,"Aberdeen, WA Micro Area",53250,1885,1885,4681,17367,15511,6298,5059,2449,46684,7508,65300,1120,2922,597,446,7563
310M400US11640,"Arecibo, PR Metro Area",126450,19327,19327,12337,35012,14219,15374,22219,7962,94786,30181,144832,5128,0,736,22358,173085
310M400US11780,"Ashtabula, OH Micro Area",68534,3710,3710,6431,28498,12673,5651,7010,4561,58393,11571,N,N,N,N,N,4214
310M400US15540,"Burlington-South Burlington, VT Metro Area",149236,1919,1919,7253,34221,24183,13446,42726,25488,140064,68214,200654,3898,456,8360,1219,4896
310M400US19460,"Decatur, AL Metro Area",104747,5678,5678,11307,32749,21825,8849,16470,7869,87762,24339,116854,21102,2132,659,8158,10432
310M400US25020,"Guayama, PR Metro Area",50366,6602,6602,4633,19488,8203,3076,6232,2132,39131,8364,N,N,N,N,N,70322
310M400US27100,"Jackson, MI Metro Area",111128,2171,2171,8354,38174,28191,10922,15362,7954,100603,23316,138207,12464,418,1421,1226,5726
310M400US27500,"Janesville-Beloit, WI Metro Area",110949,2601,2601,7093,41231,23144,12385,15972,8523,101255,24495,140071,6476,637,2059,7946,14541
310M400US27980,"Kahului-Wailuku-Lahaina, HI Metro Area",119560,4199,4199,4883,38395,25641,11215,22769,12458,110478,35227,57518,1207,306,50436,2772,19231
310M400US29200,"Lafayette-West Lafayette, IN Metro Area",126742,2370,2370,7992,33269,27135,10215,27397,18364,116380,45761,186524,10911,671,15628,3418,17952
310M400US29300,"LaGrange, GA Micro Area",44510,2414,2414,4074,16981,11437,2504,4466,2634,38022,7100,40980,26220,0,1622,817,2620
310M400US30860,"Logan, UT-ID Metro Area",73208,1751,1751,3051,15955,18162,6476,18101,9712,68406,27813,129144,991,761,3066,3698,14853
310M400US31080,"Los Angeles-Long Beach-Anaheim, CA Metro Area",9151774,1016379,1016379,723732,1810764,1770474,666100,2061593,1102732,7411663,3164325,7107103,871348,89302,2158975,2455202,6003538
310M400US41100,"St. George, UT Metro Area",112431,2555,2555,5017,24883,29394,15599,21597,13386,104859,34983,157786,1160,2589,1926,4369,18185
310M400US44060,"Spokane-Spokane Valley, WA Metro Area",394787,7056,7056,18981,93450,103464,52912,76781,42143,368750,118924,501179,9005,10084,12189,10753,32322
310M400US44100,"Springfield, IL Metro Area",145028,2045,2045,8736,41163,32851,12374,29645,18214,134247,47859,171906,24398,589,4287,1035,4686
310M400US44620,"Stevens Point, WI Micro Area",45956,897,897,1948,15248,8079,5089,10366,4329,43111,14695,65360,377,209,2338,1582,2402
310M400US44660,"Stillwater, OK Micro Area",44976,897,897,2521,12910,8912,2765,10364,6607,41558,16971,66152,3212,2896,3324,256,3986
310M400US19180,"Danville, IL Metro Area",52343,1506,1506,3450,22892,11446,4613,5271,3165,47387,8436,62290,10903,111,797,730,3999
310M400US20100,"Dover, DE Metro Area",120156,5372,5372,13978,39124,25423,8294,16233,11732,100806,27965,116529,45522,1556,4144,1737,13193
310M400US20500,"Durham-Chapel Hill, NC Metro Area",391802,18395,18395,18425,75270,59835,31335,95630,92912,354982,188542,361033,149073,3054,29174,16748,66780
310M400US21820,"Fairbanks, AK Metro Area",63123,1968,1968,2125,15935,19403,5392,10551,7749,59030,18300,74307,4941,8025,2956,867,8282
310M400US27060,"Ithaca, NY Metro Area",59759,1731,1731,2004,11508,7864,5617,12578,18457,56024,31035,81512,4703,196,10518,2601,5472
310M400US27620,"Jefferson City, MO Metro Area",103583,2776,2776,7139,35200,21975,6678,19709,10106,93668,29815,132155,13079,618,1099,478,3309
310M400US27900,"Joplin, MO Metro Area",119979,4575,4575,10392,43113,25403,9960,18974,7562,105012,26536,160546,2975,4650,2146,2027,13240
310M400US29100,"La Crosse-Onalaska, WI-MN Metro Area",89492,1670,1670,2105,24670,19099,10376,19479,12093,85717,31572,125150,2479,520,5289,1114,2576
310M400US29820,"Las Vegas-Henderson-Paradise, NV Metro Area",1530208,88127,88127,128138,429391,387783,120382,246720,129667,1313943,376387,1285689,264357,23704,219628,295018,701766
310M400US34620,"Muncie, IN Metro Area",70761,1898,1898,6248,22869,15647,6391,9434,8274,62615,17708,101710,7989,110,1718,114,2942
310M400US35660,"Niles-Benton Harbor, MI Metro Area",107435,3465,3465,7759,28417,26437,9692,20502,11163,96211,31665,121712,21589,862,2842,1431,8802
310M400US37100,"Oxnard-Thousand Oaks-Ventura, CA Metro Area",576636,53326,53326,31454,116809,129340,58431,117297,69979,491856,187276,685974,14696,5106,64523,39930,366098
310M400US40660,"Rome, GA Metro Area",65529,4413,4413,7771,24108,12096,6034,6537,4570,53345,11107,78436,13648,299,1807,1338,11059
310M400US41860,"San Francisco-Oakland-Hayward, CA Metro Area",3432405,175924,175924,165037,537633,575844,227376,1025802,724789,3091444,1750591,2258551,341977,23664,1255010,506360,1033915
310M400US43060,"Shawnee, OK Micro Area",48443,756,756,4517,16785,12072,4072,6150,4091,43170,10241,54800,2597,9342,432,503,3781
310M400US10740,"Albuquerque, NM Metro Area",633749,25574,25574,47751,154685,146654,51127,116135,91823,560424,207958,718012,24752,52487,21431,61182,451627
310M400US12020,"Athens-Clarke County, GA Metro Area",127511,4149,4149,10521,30951,21794,8579,26118,25399,112841,51517,153631,42677,326,6914,2294,18296
310M400US13220,"Beckley, WV Metro Area",84422,5273,5273,8073,33572,16831,6297,8306,6070,71076,14376,N,N,N,N,N,837
310M400US15180,"Brownsville-Harlingen, TX Metro Area",250704,43442,43442,32977,69237,44513,17990,29493,13052,174285,42545,402981,2917,535,3630,11441,380728
310M400US17220,"Clarksburg, WV Micro Area",65849,1388,1388,6667,29173,10933,4892,7821,4975,57794,12796,N,N,N,N,N,1057
310M400US18300,"Coos Bay, OR Micro Area",48685,1122,1122,5815,13333,17074,3786,4952,2603,41748,7555,57168,125,2397,886,1293,4284
310M400US19740,"Denver-Aurora-Lakewood, CO Metro Area",2039409,75934,75934,99702,398790,392688,159063,576602,336630,1863773,913232,2379650,167061,23705,124068,114531,680017
310M400US20260,"Duluth, MN-WI Metro Area",192651,2885,2885,8343,53018,49052,25202,35449,18702,181423,54151,255700,4112,6395,2181,648,4876
310M400US22660,"Fort Collins, CO Metro Area",232676,3139,3139,8226,38385,50574,21544,65806,45002,221311,110808,320513,3523,1972,7779,3841,40855
310M400US27740,"Johnson City, TN Metro Area",144831,6525,6525,11753,45089,33577,8107,23179,16601,126553,39780,189135,6296,540,2479,2119,6802
310M400US33140,"Michigan City-La Porte, IN Metro Area",77816,3024,3024,6135,32274,14592,6759,10074,4958,68657,15032,90465,12635,551,69,2710,7524
310M400US39060,"Pottsville, PA Micro Area",104443,2827,2827,8798,46307,17701,11359,12247,5204,92818,17451,132576,5390,373,714,1258,6787
310M400US41700,"San Antonio-New Braunfels, TX Metro Area",1632165,112424,112424,131436,438341,368235,132321,285566,163842,1388305,449408,2074299,174071,16274,65750,106741,1399600
310M400US41900,"San Germn, PR Metro Area",84863,15754,15754,8716,24169,9202,6988,15133,4901,60393,20034,N,N,N,N,N,117500
310M400US43100,"Sheboygan, WI Metro Area",81042,1737,1737,3781,28207,17936,9960,12823,6598,75524,19421,102997,2533,655,6745,795,7507
310M400US43140,"Shelby, NC Micro Area",67518,3102,3102,7716,22353,14705,7233,7915,4494,56700,12409,71358,21214,240,1103,2829,3573
310M400US44300,"State College, PA Metro Area",97947,2112,2112,3128,28321,11328,7268,23042,22748,92707,45790,142490,6076,63,11373,911,4945
310M400US46300,"Twin Falls, ID Metro Area",69492,5565,5565,5488,19209,17429,8253,7827,5721,58439,13548,99802,190,412,2172,5160,21532
310M400US47580,"Warner Robins, GA Metro Area",128508,4713,4713,10505,36143,28511,12880,21497,14259,113290,35756,111003,68694,640,5646,2993,12813
310M400US11260,"Anchorage, AK Metro Area",261342,5806,5806,9394,67510,67813,22865,53762,34192,246142,87954,270251,17580,30339,30216,5776,32554
310M400US12620,"Bangor, ME Metro Area",108069,2532,2532,6162,36743,21239,11128,19373,10892,99375,30265,143056,1690,2037,1688,255,2115
310M400US17340,"Clearlake, CA Micro Area",47142,3247,3247,4298,13020,13439,4455,5326,3357,39597,8683,47341,1546,3040,622,9643,13717
310M400US18180,"Concord, NH Micro Area",108780,2716,2716,4111,32581,18919,12523,19907,18023,101953,37930,142580,2033,388,3026,671,3402
310M400US18880,"Crestview-Fort Walton Beach-Destin, FL Metro Area",193753,6098,6098,10686,51942,45824,19786,36557,22860,176969,59417,224954,23641,1125,7695,8975,24645
310M400US22420,"Flint, MI Metro Area",280501,9045,9045,16409,89613,74449,28747,39717,22521,255047,62238,304719,80771,1523,4031,1899,14198
310M400US22900,"Fort Smith, AR-OK Metro Area",190244,11494,11494,20273,64503,43707,13916,23818,12533,158477,36351,211658,11111,17096,8045,16507,29073
310M400US25180,"Hagerstown-Martinsburg, MD-WV Metro Area",186641,6234,6234,15851,67840,39410,17325,26634,13347,164556,39981,225868,25716,184,3702,2511,13540
310M400US25260,"Hanford-Corcoran, CA Metro Area",94303,11901,11901,12537,23578,22992,9408,9483,4404,69865,13887,96634,10428,1502,6833,30198,83200
310M400US27260,"Jacksonville, FL Metro Area",1061404,34216,34216,64621,295990,226450,104185,214643,121299,962567,335942,1062395,325384,4804,58444,30166,141094
310M400US30620,"Lima, OH Metro Area",68507,1379,1379,4828,27729,13277,9387,6725,5182,62300,11907,84580,11915,359,850,1145,3248
310M400US36980,"Owensboro, KY Metro Area",80754,2002,2002,5100,28743,19208,8200,10686,6815,73652,17501,108363,4455,177,1978,741,3325
310M400US38820,"Port Angeles, WA Micro Area",58807,897,897,2776,13641,17078,6948,10202,7265,55134,17467,67645,965,3491,1516,189,4933
310M400US39900,"Reno, NV Metro Area",327283,13149,13149,20258,78828,83500,29191,63497,38860,293876,102357,357500,11785,7333,23807,46041,115795
310M400US44340,"Statesboro, GA Micro Area",41851,1422,1422,4388,10701,9414,4118,6464,5344,36041,11808,49991,20136,0,1108,352,3188
310M400US49620,"York-Hanover, PA Metro Area",311944,9979,9979,21105,122067,48814,30105,52368,27506,280860,79874,393886,24439,979,7293,7646,35450
310M400US11540,"Appleton, WI Metro Area",161737,3992,3992,6385,51326,32161,19096,33719,15058,151360,48777,215684,4003,3505,6932,3189,10533
310M400US11900,"Athens, OH Micro Area",37179,556,556,2485,14342,6642,2408,5043,5703,34138,10746,59700,1864,231,1699,111,1279
310M400US17300,"Clarksville, TN-KY Metro Area",177555,4169,4169,8712,50542,44907,20037,32863,16325,164674,49188,204060,60148,1987,6361,5215,26946
310M400US18140,"Columbus, OH Metro Area",1417147,33692,33692,78467,388102,277183,106068,336606,197029,1304988,533635,1572126,330617,4300,94387,27262,90759
310M400US21780,"Evansville, IN-KY Metro Area",217763,5167,5167,14890,72001,45743,23549,37759,18654,197706,56413,275678,25800,206,2873,4034,7257
310M400US24860,"Greenville-Anderson-Mauldin, SC Metro Area",613177,29651,29651,53921,165059,115493,60074,118295,70684,529605,188979,689359,145056,6844,17493,22877,63553
310M400US26900,"Indianapolis-Carmel-Anderson, IN Metro Area",1367315,45943,45943,96643,376270,261220,108811,309149,169279,1224729,478428,1552540,318095,2948,67856,49081,139431
310M400US27460,"Jamestown-Dunkirk-Fredonia, NY Micro Area",90314,3025,3025,7087,32518,16208,11914,10819,8743,80202,19562,116291,3434,394,716,4427,10006
310M400US29420,"Lake Havasu City-Kingman, AZ Metro Area",160767,5710,5710,15088,55424,48237,13282,15673,7353,139969,23026,191170,2409,4346,2518,3283,35269
310M400US31140,"Louisville/Jefferson County, KY-IN Metro Area",900705,29270,29270,62931,261615,194696,80125,164603,107465,808504,272068,1029065,188963,2501,27555,17784,64690
310M400US31860,"Mankato-North Mankato, MN Metro Area",61791,1907,1907,2440,15506,12886,8640,13955,6457,57444,20412,92042,3596,156,2058,800,4178
310M400US33500,"Minot, ND Micro Area",49176,2555,2555,2218,14179,10098,7137,9794,3195,44403,12989,66356,2927,1276,1291,786,4270
310M400US36500,"Olympia-Tumwater, WA Metro Area",202731,2909,2909,7736,43814,50492,20285,46801,30694,192086,77495,230886,8869,3392,17362,5630,26299
310M400US36540,"Omaha-Council Bluffs, NE-IA Metro Area",618013,21116,21116,30841,145144,136192,59198,146025,79497,566056,225522,785763,71345,5231,27950,20857,100456
310M400US38060,"Phoenix-Mesa-Scottsdale, AZ Metro Area",3258671,175840,175840,215475,749520,786952,290496,658424,381964,2867356,1040388,3826597,277836,113770,192042,244029,1515683
310M400US38540,"Pocatello, ID Metro Area",55563,1106,1106,3083,14402,15102,6406,10152,5312,51374,15464,78243,659,2662,1987,870,7647
310M400US40140,"Riverside-San Bernardino-Ontario, CA Metro Area",2971102,262653,262653,277093,835246,699582,247289,417430,231809,2431356,649239,2807022,338820,36622,320618,895998,2386370
310M400US46020,"Truckee-Grass Valley, CA Micro Area",77506,1425,1425,1688,13952,25105,6368,19825,9143,74393,28968,91285,534,345,1249,2207,9644
310M400US46060,"Tucson, AZ Metro Area",700491,31752,31752,50264,162971,175128,59438,129456,91482,618475,220938,771880,37940,45440,30481,91913,390183
310M400US10180,"Abilene, TX Metro Area",108776,4424,4424,9415,33914,26161,7987,18266,8609,94937,26875,131634,14541,648,3952,16581,40426
310M400US10580,"Albany-Schenectady-Troy, NY Metro Area",608198,14879,14879,30750,156874,102066,73296,122052,108281,562569,230333,726878,71466,2530,39262,9859,47288
310M400US11100,"Amarillo, TX Metro Area",172104,9764,9764,12644,47345,42831,14328,32368,12824,149696,45192,226506,17031,2461,9600,5567,78201
310M400US11460,"Ann Arbor, MI Metro Area",232636,2271,2271,8604,33556,40514,16451,63216,68024,221761,131240,272448,42546,555,36404,3867,17977
310M400US12100,"Atlantic City-Hammonton, NJ Metro Area",182954,9652,9652,12579,55122,39033,14037,33305,19226,160723,52531,173409,37050,557,21421,22107,51019
310M400US14100,"Bloomsburg-Berwick, PA Metro Area",57184,1337,1337,3288,24097,6741,4710,9845,7166,52559,17011,78336,1596,56,1872,1163,2041
310M400US15680,"California-Lexington Park, MD Metro Area",73248,2621,2621,4194,24037,12851,4161,15078,10306,66433,25384,86881,17155,89,2693,1804,5995
310M400US20940,"El Centro, CA Metro Area",111825,16135,16135,17494,28537,26921,6976,10661,5101,78196,15762,117180,4201,1035,2801,47971,153757
310M400US21300,"Elmira, NY Metro Area",59628,1998,1998,5306,22183,11390,6516,6985,5250,52324,12235,74324,4999,15,1174,501,2684
310M400US27180,"Jackson, TN Metro Area",86846,3178,3178,7500,29406,21098,5842,12672,7150,76168,19822,82101,40661,178,1173,3046,5949
310M400US28580,"Key West, FL Micro Area",58893,3622,3622,2173,16853,12011,4284,11675,8275,53098,19950,65534,5227,31,1027,1991,18717
310M400US39340,"Provo-Orem, UT Metro Area",315665,6455,6455,11215,53892,78640,34869,89296,41298,297995,130594,576099,3569,3130,9309,13557,75137
310M400US43300,"Sherman-Denison, TX Metro Area",90519,3525,3525,5658,26797,26545,8893,11880,7221,81336,19101,114158,7629,1168,2366,2667,18541
310M400US44180,"Springfield, MO Metro Area",308295,11085,11085,17821,91600,78438,27107,49521,32723,279389,82244,428805,12527,2836,6072,3930,15838
310M400US48980,"Wilson, NC Micro Area",55381,3941,3941,7141,15656,10637,5591,8156,4259,44299,12415,40059,32253,400,787,4907,8793
310M400US49220,"Wisconsin Rapids-Marshfield, WI Micro Area",52200,1019,1019,2853,20148,10427,5962,7623,4168,48328,11791,68932,778,573,535,422,2259
310M400US10500,"Albany, GA Metro Area",95850,4680,4680,11825,30894,21009,9927,10012,7503,79345,17515,61488,81424,571,1984,2015,4110
310M400US14860,"Bridgeport-Stamford-Norwalk, CT Metro Area",645814,34996,34996,29086,133036,93435,42952,173054,139255,581732,312309,672515,108358,2417,52072,77390,190436
310M400US16220,"Casper, WY Metro Area",54037,802,802,2659,13498,16367,7192,8577,4942,50576,13519,74527,64,1363,131,364,6790
310M400US16500,"Centralia, WA Micro Area",56789,1623,1623,4378,16715,15332,8152,6779,3810,50788,10589,70849,267,355,435,1743,8194
310M400US17860,"Columbia, MO Metro Area",107408,1572,1572,3582,20358,22074,7831,27958,24033,102254,51991,146365,16375,827,8521,359,6356
310M400US19140,"Dalton, GA Metro Area",93514,13385,13385,12924,30028,16760,6241,9716,4460,67205,14176,133662,4838,164,816,3409,43613
310M400US24020,"Glens Falls, NY Metro Area",93339,4234,4234,6486,30544,16523,10090,13743,11719,82619,25462,118775,2457,454,1694,654,3485
310M400US25500,"Harrisonburg, VA Metro Area",81315,5558,5558,5769,27332,12044,5913,14067,10632,69988,24699,120038,5084,0,2783,1994,17109
310M400US27860,"Jonesboro, AR Metro Area",85632,4632,4632,6692,32268,15434,5471,13699,7436,74308,21135,107000,18085,333,660,3274,6394
310M400US29020,"Kokomo, IN Metro Area",57555,1135,1135,5942,20242,12798,4481,8514,4443,50478,12957,72144,6281,761,1291,270,2847
310M400US31260,"Lufkin, TX Micro Area",57205,6031,6031,4910,17945,14429,4235,7121,2534,46264,9655,69167,12912,1493,1049,1735,19589
310M400US32580,"McAllen-Edinburg-Mission, TX Metro Area",489388,97936,97936,66895,117396,90472,25296,64552,26841,324557,91393,751719,4285,1514,8735,88329,799915
310M400US33260,"Midland, TX Metro Area",111202,6270,6270,11912,26405,26852,9202,21751,8810,93020,30561,146927,13488,3069,3446,5239,80481
310M400US33540,"Missoula, MT Metro Area",81094,934,934,2561,16439,20332,8635,19263,12930,77599,32193,108625,826,1877,1838,442,3951
310M400US37900,"Peoria, IL Metro Area",252810,5850,5850,14285,76524,57060,26668,46014,26409,232675,72423,312065,33230,954,9504,3376,13207
310M400US40700,"Roseburg, OR Micro Area",81736,1979,1979,6882,27964,21522,7044,11652,4693,72875,16345,100815,165,2149,1381,1211,6651
310M400US40780,"Russellville, AR Micro Area",56350,3418,3418,6083,21483,11765,3650,7011,2940,46849,9951,74560,2178,437,550,4873,10671
310M400US47700,"Warsaw, IN Micro Area",53158,3330,3330,3590,18741,12065,3851,6957,4624,46238,11581,74508,425,651,1105,1774,6391
310M400US49780,"Zanesville, OH Micro Area",59323,1657,1657,4788,25238,10880,7133,6064,3563,52878,9627,78837,3667,157,222,89,778
